"","lp__","hs[1]","hs[2]","hl","ts[1]","ts[2]","gamma","rho[1]","phi","delta[1]","delta[2]","delta[3]","delta[4]","L[1,1]","tau[1]","tau[2]","tau[3]","tau[4]","w[1]","lc[1,1]","lc[2,1]","lc[3,1]","lc[2,2]","lc[2,3]","lc[2,4]","alpha[1]","beta[1]","ll"
"1",-640.158,2.35925,4.42975,77.5906,-1.95653,0.563546,0.435829,3.10143,0.324679,0.182693,0.361906,0.212931,0.179375,1.38093,1.54386,1.09216,2.98888,2.65368,3.02484,4.77326,6.73674,6.05574,7.15792,6.86253,6.21783,0.471921,0.291359,-577.116
"2",-649.485,1.44429,4.32314,99.9842,-2.60133,0.933972,0.475815,2.64697,0.211286,0.165199,0.318927,0.143455,0.212,2.03246,1.88138,1.83854,2.64251,1.09698,2.42609,4.74455,6.79413,7.25797,6.95651,6.78626,5.9209,0.491462,0.393311,-577.678
"3",-637.636,1.83166,4.34245,74.1934,-1.68492,0.191381,0.443397,2.44691,0.302777,0.180265,0.370048,0.143357,0.125572,1.60078,1.05637,2.85651,2.69402,0.884496,3.12339,4.72179,6.6673,7.11131,7.18187,6.91596,5.95525,0.374576,0.353697,-574.456
"4",-642.836,1.77768,3.83845,49.2216,-1.98249,1.04856,0.382034,2.36837,0.224186,0.149842,0.417128,0.174515,0.0654326,1.06363,2.13898,0.373507,1.56307,1.78459,2.82539,4.61711,6.62307,6.05143,7.00859,6.61364,6.05891,0.453113,0.435204,-571.273
"5",-645.497,1.2959,4.3615,65.93,-1.69148,-0.628284,0.411919,2.72683,0.362235,0.192705,0.369372,0.166517,0.0958642,1.97673,1.96239,0.769159,2.22406,1.12854,3.04754,4.67821,6.80779,7.27003,7.13578,6.65456,5.77585,0.417266,0.28298,-571.962
"6",-647.724,2.23167,4.69503,53.3885,-1.99613,-0.411174,0.441806,2.74042,0.267582,0.152752,0.462499,0.16048,0.0464739,0.515332,2.50241,1.54843,2.49722,0.730371,2.15804,4.95856,6.8493,6.28014,6.85988,6.77958,5.91351,0.672155,0.676327,-576.667
"7",-659.978,1.16341,4.37679,66.9432,-2.60339,0.228356,0.43872,2.72454,0.23025,0.182041,0.455495,0.193764,0.174583,0.482247,0.309736,0.143719,1.86149,0.599803,2.70338,5.16194,6.7387,5.94872,6.96479,6.61599,5.63379,0.377258,0.577392,-579.006
"8",-654.71,2.47082,4.36897,82.2373,-2.10606,0.549349,0.37416,2.41561,0.199656,0.21298,0.31303,0.128838,0.162225,2.08567,0.7393,1.54413,2.60113,1.70764,2.29191,4.49052,6.86262,5.13191,6.95458,6.76468,6.62685,0.412807,0.336485,-586.305
"9",-647.803,1.93086,3.77834,48.2459,-2.09277,0.0739133,0.417938,2.87111,0.340327,0.178552,0.405873,0.224015,0.188008,0.746977,1.80864,0.956615,1.38206,0.741808,2.86871,4.93448,6.60355,7.64851,6.82827,6.74703,5.28038,0.596163,0.382342,-578.967
"10",-654.73,1.15707,4.6776,87.3567,-2.21379,1.47159,0.655178,2.33599,0.259668,0.187292,0.34617,0.143178,0.118076,0.821903,1.29977,0.228453,2.49844,1.11347,1.64486,4.71982,6.6335,6.59018,6.44918,6.73342,6.19954,0.553267,0.745009,-582.081
"11",-651.233,2.38543,4.74566,73.1676,-2.05166,0.233355,0.33556,2.58459,0.213151,0.179801,0.364443,0.221345,0.146615,0.787775,0.975092,0.852126,2.61386,1.09465,2.46701,4.94294,6.88122,7.22137,6.91624,6.74789,5.79885,0.650321,0.637182,-581.181
"12",-661.229,1.33301,5.06842,60.164,-1.79761,0.0503551,0.551442,2.37175,0.28816,0.164398,0.355326,0.17932,0.157211,0.26288,0.457277,2.8765,1.26934,1.87348,3.59242,5.0526,6.72896,7.14337,7.03612,6.80213,5.85438,0.272922,0.478151,-581.602
"13",-648.064,1.95114,4.3771,69.6677,-2.03349,0.402331,0.310164,2.55517,0.176355,0.244962,0.442006,0.226507,0.206071,1.9611,2.85929,0.80565,3.33101,1.0605,2.00848,4.37201,6.67577,6.26401,6.94062,6.94473,6.05043,0.644424,0.472923,-580.96
"14",-646.408,2.38225,3.68752,72.9689,-1.58209,1.23995,0.34809,2.40116,0.298354,0.212249,0.358892,0.113903,0.189016,2.70649,0.717888,0.32367,3.3748,1.06909,2.55666,4.30996,6.81223,5.27478,6.91964,6.69301,5.66995,0.433274,0.472487,-573.997
"15",-644.249,1.44502,4.01654,83.6319,-2.1793,0.0942107,0.389238,2.25158,0.237137,0.182864,0.352242,0.160578,0.165045,0.560767,1.19495,1.30279,1.15805,0.311867,2.65419,5.06296,6.78978,6.38157,7.19725,6.77081,6.32037,0.326382,0.35624,-580.685
"16",-642.833,1.3274,4.2725,54.2013,-2.38856,0.297416,0.479787,2.32702,0.208395,0.206941,0.444072,0.186693,0.291193,0.244811,0.380203,3.14174,1.76991,0.91033,2.32891,5.20313,6.72218,6.81879,6.91347,6.7448,5.78261,0.489216,0.588952,-576.676
"17",-653.856,2.24741,4.20006,75.4061,-2.73051,0.236779,0.393315,2.85321,0.16039,0.163525,0.373631,0.152998,0.1045,0.847459,0.92711,2.20798,2.15098,0.941995,2.66553,4.93119,6.81511,7.25564,7.1189,6.83125,6.02391,0.415479,0.466229,-575.976
"18",-642.338,2.6326,4.20526,76.5869,-2.82321,-0.628935,0.412715,2.65243,0.253131,0.173859,0.482834,0.1719,0.146749,0.940658,1.9197,1.28807,2.56837,0.91734,2.73988,4.83141,6.70785,7.11132,7.07062,6.80628,6.12933,0.440777,0.391889,-574.839
"19",-649.312,1.74699,4.75687,75.5851,-1.89399,0.342003,0.560781,2.67513,0.200838,0.235734,0.441743,0.233516,0.144907,0.524424,0.716001,0.0658993,1.51205,0.146788,2.53491,5.01356,6.73658,7.81502,6.95931,6.71719,5.74108,0.461919,0.393403,-572.375
"20",-648.996,1.44625,4.33291,95.0362,-2.09647,0.122304,0.472693,2.23793,0.252415,0.228424,0.41575,0.146426,0.138851,0.404983,1.29015,1.18899,5.10808,0.660063,4.30819,5.08988,6.86836,5.51975,7.3975,6.97007,6.43484,0.391048,0.287856,-575.157
"21",-654.136,0.746496,4.38084,67.38,-1.59752,-0.602212,0.406766,2.80442,0.300394,0.185137,0.313963,0.108282,0.0402869,1.20632,0.969765,0.45732,2.28259,2.49439,2.82955,4.95235,6.89753,5.53975,7.10739,6.82942,5.82985,0.439006,0.387215,-574.628
"22",-657.243,1.10628,3.8581,73.636,-2.25063,0.209305,0.434327,3.10592,0.339116,0.187291,0.428434,0.165969,0.11854,0.0390481,2.24561,1.08942,1.10553,2.8702,2.28591,5.95227,6.74555,7.13453,6.89421,6.72417,5.7905,0.676236,0.536041,-585.83
"23",-659.959,1.20592,4.44723,59.6746,-3.14197,0.0250437,0.576089,2.42947,0.277687,0.196646,0.385057,0.116932,0.175967,0.30514,0.0731753,0.987939,3.26373,2.59342,2.59848,5.18106,6.74985,6.01517,7.02498,6.50833,6.63617,0.416846,0.607224,-583.544
"24",-651.64,1.11666,4.7258,60.1955,-1.92949,0.87643,0.450807,2.16573,0.33154,0.170308,0.391927,0.137222,0.0592489,0.500071,1.74918,0.0271775,2.2159,0.267975,2.35872,4.96872,6.72261,4.88722,6.95976,6.66894,6.38823,0.596608,0.469271,-573.629
"25",-654.174,1.80572,5.66131,59.2189,-2.47965,0.201379,0.47382,2.42727,0.273283,0.163493,0.333032,0.13607,0.0462068,0.833445,0.804775,2.22162,1.88911,2.06647,2.50101,4.70965,6.7948,5.3676,6.8895,6.88722,5.99682,0.372839,0.458491,-576.019
"26",-645.224,2.68592,4.59479,70.1,-2.82785,0.394203,0.496809,2.31144,0.30768,0.222485,0.420683,0.153501,0.0587648,0.86094,0.662678,0.340152,3.65313,1.78739,2.41512,4.74313,6.77965,7.20127,6.98654,6.87941,6.14676,0.649787,0.517693,-570.941
"27",-655.936,1.89267,4.97111,78.5664,-2.56068,-0.116732,0.486515,2.42154,0.283003,0.172306,0.387374,0.1638,0.156586,0.424919,2.48776,2.02558,1.41002,1.42085,2.71605,5.17253,6.8109,5.7792,6.98502,7.04546,6.23203,0.48776,0.335656,-582.457
"28",-666.246,1.40473,5.06943,38.6281,-2.03629,0.398941,0.508797,2.40528,0.193462,0.19905,0.357228,0.129006,0.183087,0.0284817,1.0895,0.347713,1.68722,0.872952,2.09799,5.22616,6.46878,6.44314,6.74144,6.71526,5.39547,0.484283,0.630254,-586.887
"29",-650.762,2.01042,3.24352,79.9425,-1.11113,-0.109489,0.474222,2.28616,0.217505,0.159348,0.435456,0.138554,0.0583882,0.319601,2.00784,1.69064,1.2289,1.53401,4.39334,4.92484,6.88652,7.52546,7.26282,6.69381,6.0136,0.248622,0.216295,-574.102
"30",-658.56,1.66684,3.40633,55.6191,-1.91476,0.86386,0.45664,2.55667,0.134795,0.211398,0.467613,0.17756,0.0623488,1.61461,1.091,0.134162,1.82981,1.58903,2.01769,4.34106,6.47409,7.7248,6.76624,6.65438,5.39148,0.546911,0.542646,-577.217
"31",-643.831,2.86008,4.67328,85.908,-3.00579,1.02645,0.476524,2.30587,0.212116,0.187289,0.38423,0.154952,0.181158,1.16079,0.536722,1.3322,2.73087,2.26807,2.69328,4.75008,6.78098,7.44994,6.96487,6.77472,6.70774,0.521939,0.466156,-576.153
"32",-637.951,1.61368,4.24639,61.3419,-2.13531,-0.106529,0.408239,2.38268,0.23466,0.167355,0.405565,0.207657,0.0909927,0.310966,1.30241,1.56087,1.76578,0.55047,1.69962,5.10995,6.51011,7.47565,6.38656,6.71042,5.12232,0.695074,0.856226,-577.327
"33",-659.038,2.0612,4.19479,76.9875,-1.53023,-0.411329,0.491602,2.74644,0.253667,0.189882,0.385591,0.225685,0.166963,0.579381,1.96886,0.147363,3.44102,1.22217,2.51784,4.95739,6.81286,6.68517,7.01252,7.05424,5.37106,0.569225,0.363126,-584.687
"34",-640.984,2.00595,4.06924,80.2317,-2.11157,0.529373,0.389922,2.18916,0.262067,0.164509,0.371203,0.145324,0.140545,0.492072,1.91876,0.173131,2.39201,0.130365,3.67147,4.97654,6.77087,7.09321,7.2587,6.73101,6.42818,0.401163,0.442265,-575.8
"35",-652.527,1.74317,3.91358,61.0189,-2.96202,0.375996,0.651179,2.37727,0.284312,0.19111,0.382349,0.135812,0.0892628,1.10676,0.726756,0.00147372,2.69128,0.0383518,2.18625,4.75738,6.75505,6.26702,6.8933,6.63185,5.62821,0.437033,0.429506,-571.472
"36",-659.429,2.39216,4.11696,56.3684,-2.24504,0.178239,0.358541,2.39023,0.300892,0.173233,0.45853,0.185443,0.103963,0.394601,1.05077,0.274422,2.2939,0.319091,3.33917,4.97565,6.6734,5.89952,6.98101,7.07784,5.90464,0.359267,0.654909,-584.354
"37",-648.228,1.84897,4.28056,72.9947,-2.03649,0.130887,0.450589,2.26766,0.223418,0.155749,0.42635,0.150483,0.0557028,1.53897,0.524273,1.39061,2.66179,0.297525,3.06602,4.56269,6.75576,7.15455,7.09635,6.68219,6.33993,0.282661,0.410867,-575.484
"38",-652.581,1.21642,4.85831,86.3968,-1.83083,-0.169396,0.360226,2.38895,0.236726,0.176455,0.447179,0.200027,0.124146,0.530283,1.01029,2.87643,1.21975,1.62626,2.64979,4.97195,6.80622,7.40916,7.06184,6.8465,6.49283,0.486516,0.510438,-579.014
"39",-641.901,1.20726,4.28901,70.0285,-2.50653,-0.293779,0.436976,2.34947,0.169182,0.186784,0.322961,0.175758,0.0786487,1.1515,1.88444,1.0526,2.14134,0.671585,3.77872,4.96233,6.84933,7.52383,7.26404,6.72137,5.83293,0.460737,0.311283,-574.889
"40",-640.301,2.29173,4.54015,66.4427,-1.56076,-0.657702,0.434978,2.56115,0.273698,0.209253,0.360572,0.178481,0.0858592,1.11802,1.40208,2.80684,2.1088,0.111725,3.12395,4.65758,6.84321,6.20687,7.28261,6.71926,6.28205,0.436354,0.341776,-572.183
"41",-645.958,2.1071,4.80357,75.7484,-2.73969,0.41337,0.49776,2.4691,0.197284,0.172622,0.454959,0.146791,0.162965,0.6012,0.724614,1.53207,1.61427,0.832919,2.34531,4.98904,6.8529,5.75433,6.93318,6.89608,6.36157,0.515203,0.633652,-574.785
"42",-655.139,2.2583,4.00038,93.6708,-2.69476,0.0273577,0.52792,2.33984,0.137719,0.202372,0.399153,0.146364,0.124063,0.881913,2.0493,0.372496,2.57385,0.0257868,3.14374,4.82152,6.82678,7.46848,7.13599,6.96085,5.89964,0.43534,0.459893,-575.92
"43",-643.981,2.00897,4.80891,56.491,-1.65432,0.360738,0.359207,2.36203,0.257467,0.222015,0.451604,0.229558,0.110724,1.62412,0.11033,0.843006,2.7334,0.546933,2.08184,4.34799,6.67651,7.66386,6.65104,6.786,5.80988,0.581597,0.620028,-576.983
"44",-655.88,2.17695,4.76181,70.9457,-2.39144,-0.499635,0.50629,2.52441,0.165347,0.160159,0.34716,0.134483,0.13175,0.313487,0.186518,2.05641,0.646753,0.561233,1.97282,5.08052,6.77107,4.8872,6.79325,6.94504,6.39239,0.478644,0.574301,-581.837
"45",-649.925,2.10594,3.61039,94.4058,-1.77467,-0.270623,0.44803,2.37198,0.274842,0.19523,0.400214,0.145842,0.174326,0.619299,1.77733,0.561119,2.0185,1.41032,3.23091,4.93873,6.83985,5.13991,7.21717,6.85989,5.93668,0.345101,0.341074,-576.035
"46",-653.393,1.06031,4.31961,77.4418,-3.03788,0.465783,0.618941,2.33327,0.322166,0.143935,0.422888,0.266618,0.149942,1.02627,0.957636,0.671707,1.44506,1.54429,3.35616,5.03394,6.67299,7.65108,7.03362,6.89748,5.67513,0.343892,0.47179,-583.34
"47",-654.349,2.43192,4.71786,48.0342,-3.30691,0.475379,0.376437,2.2698,0.31459,0.201264,0.350972,0.185699,0.0800844,0.744014,1.07915,3.4316,2.43068,1.23555,2.8882,4.8654,6.71468,6.04411,6.91607,6.73541,5.39561,0.479699,0.545218,-576.485
"48",-647.007,1.62725,4.18068,57.4384,-2.00855,0.08522,0.37816,2.25727,0.386388,0.225222,0.402155,0.170398,0.184398,0.304209,1.14229,1.8804,1.32012,1.02488,2.18648,4.98071,6.73107,5.10285,6.88236,6.82947,6.52925,0.662464,0.694794,-582.532
"49",-634.113,2.04873,3.45553,61.028,-2.35668,0.210632,0.327294,2.36014,0.3138,0.170018,0.427414,0.185372,0.161713,1.62911,0.272178,1.73616,2.12208,1.40045,3.15702,4.64074,6.78306,6.2607,7.072,6.72098,5.97077,0.321491,0.322487,-567.999
"50",-645.937,1.47627,3.99433,69.1727,-2.35265,-0.718376,0.477928,2.32878,0.286898,0.184081,0.373397,0.171397,0.0422521,0.360318,1.28571,0.653179,1.82783,2.94432,3.53743,5.01503,6.90906,6.46247,7.26378,6.76331,6.22655,0.350457,0.447605,-575.715
"51",-641.519,1.80633,4.22677,55.3919,-2.10381,0.649542,0.442609,2.01318,0.32266,0.173469,0.470966,0.183516,0.109103,0.555162,0.0742489,0.580526,3.28567,0.287823,2.95789,4.81507,6.68491,7.22985,6.96262,7.01722,5.73767,0.421194,0.441672,-571.858
"52",-643.677,2.84853,4.0752,91.3832,-2.07315,0.735838,0.332545,2.73168,0.232998,0.192323,0.405786,0.153055,0.0741202,1.49655,1.41773,0.150097,2.59698,3.97405,2.73139,4.70319,6.76764,6.85019,7.0616,6.8631,6.44059,0.381384,0.38469,-568.822
"53",-653.651,2.178,4.23787,86.26,-3.16755,-0.302852,0.418712,2.56662,0.289787,0.161834,0.377443,0.145813,0.0808743,0.778465,0.674676,1.60839,2.79535,0.238739,2.82443,5.01748,6.71018,7.58134,7.1595,6.66473,6.1662,0.364822,0.512753,-576.937
"54",-645.884,1.80531,4.44492,78.7431,-1.86656,0.634122,0.366249,2.47622,0.219263,0.150602,0.411685,0.133852,0.0958476,0.104797,2.09108,2.10658,1.66029,0.0877404,2.36009,5.16606,6.78359,5.74899,6.79746,6.91715,6.1083,0.512078,0.571008,-573.908
"55",-649.948,2.06743,4.83489,54.3387,-2.13902,0.102637,0.436222,2.71909,0.306681,0.191227,0.449334,0.123379,0.0936232,0.28516,1.33568,1.62126,2.36162,0.37738,2.37527,5.36035,6.8291,6.80449,6.79771,6.67211,5.52544,0.50262,0.662182,-574.987
"56",-647.875,1.22213,4.33301,50.8325,-2.0135,0.85623,0.499891,2.30246,0.213192,0.171652,0.427339,0.186546,0.121386,0.290918,1.46506,1.48426,1.41271,0.274124,2.56962,5.20802,6.63636,5.73435,6.78508,6.86933,6.45049,0.602925,0.536084,-575.794
"57",-642.027,2.00067,4.7036,71.3433,-2.8754,0.0111659,0.365044,2.62156,0.27036,0.191799,0.369363,0.218834,0.0711107,1.8197,1.33499,1.62101,1.94524,0.93889,2.19628,4.55661,6.80304,6.03735,6.8014,6.92464,6.82524,0.463931,0.609975,-575.396
"58",-664.738,2.14542,4.52066,45.723,-1.97862,-0.375773,0.312337,2.45782,0.315451,0.21783,0.44867,0.165916,0.22744,0.0684864,0.106668,0.429926,1.11578,0.682337,2.46411,5.30234,6.62836,6.12361,6.86159,6.87123,7.34366,0.533373,0.409457,-579.752
"59",-656.817,2.08387,4.488,92.0286,-2.6414,-0.163324,0.563931,2.47542,0.333674,0.182944,0.382175,0.170664,0.123428,0.406469,0.405307,1.57297,2.23455,0.866896,1.86899,5.0481,6.75324,5.37611,6.72735,7.04825,6.47156,0.564989,0.728614,-584.696
"60",-654.945,2.04409,4.03861,56.0756,-0.881842,0.313319,0.527621,2.5182,0.246533,0.179637,0.385725,0.161979,0.175258,0.211918,1.0262,1.64588,1.93118,2.71245,1.8439,5.05943,6.59238,6.33842,6.4743,6.73494,6.02651,0.849759,1.08138,-583.636
"61",-638.67,1.37652,3.85104,95.7403,-1.42889,-0.663965,0.548123,2.37579,0.283905,0.1626,0.412431,0.133881,0.199667,1.31958,0.912572,1.02287,2.17033,1.7641,4.13422,4.79685,6.97173,5.9724,7.3764,6.91661,6.19228,0.285425,0.353329,-572.08
"62",-644.949,1.36712,4.21905,54.9893,-1.98767,-0.56617,0.4842,2.30328,0.281896,0.167775,0.433538,0.177421,0.190253,1.47507,0.830437,1.47351,2.46151,0.210632,1.37519,4.27292,6.70143,5.76213,6.45107,6.80954,6.16526,1.00756,0.715342,-578.23
"63",-641.505,1.64165,4.18911,66.6394,-1.60251,0.280513,0.441118,2.16635,0.174622,0.186442,0.374628,0.160905,0.113741,1.27457,1.41556,0.54988,1.52635,1.69435,2.75471,4.61052,6.81499,5.41934,7.13729,6.73739,5.7569,0.40801,0.329094,-576.059
"64",-654.415,2.08868,4.9547,80.1517,-2.37291,0.127519,0.527461,2.3376,0.236646,0.184459,0.389055,0.149503,0.144276,0.278871,0.689826,0.849894,1.75587,0.935951,2.37314,5.32516,6.98787,7.09428,6.98795,6.84747,6.20404,0.57536,0.369701,-577.872
"65",-648.333,1.20961,4.33858,81.5174,-2.10464,-0.450526,0.418612,2.56187,0.23061,0.184497,0.433457,0.209707,0.146043,0.202835,0.427171,0.821213,3.12182,1.03089,3.92727,5.43772,6.79292,7.74249,7.23038,6.78249,6.40828,0.405872,0.432065,-578.931
"66",-648.749,1.89073,4.23869,91.4397,-1.3273,0.708835,0.429934,2.21264,0.243101,0.22781,0.514739,0.19643,0.138228,0.374148,0.0169354,1.12858,2.69315,0.753454,3.2098,5.02993,6.92724,6.20465,7.22206,6.95275,5.89464,0.51157,0.380944,-582.754
"67",-649.948,1.8505,3.65565,71.2417,-1.82633,0.725534,0.412844,2.37339,0.194578,0.182627,0.448309,0.164162,0.234533,0.92825,0.0644889,1.75965,3.49902,2.13448,2.6899,4.65032,6.68296,7.006,6.95023,6.62556,6.0371,0.425407,0.498656,-573.452
"68",-647.733,1.96941,3.94579,78.5425,-2.39996,0.827026,0.412449,2.27573,0.282064,0.140929,0.342051,0.154262,0.164487,0.0686338,0.49375,1.14328,1.60248,1.64063,3.02633,5.32073,6.55042,7.91158,6.65248,6.90546,6.07464,0.542248,0.823526,-581.787
"69",-658.022,1.983,4.27841,83.5205,-1.05235,0.327315,0.524926,2.49473,0.150513,0.187572,0.309687,0.0986707,0.128986,0.155677,0.188471,0.41203,2.12119,2.66919,2.71224,4.97939,6.62992,7.77967,7.00591,6.92439,6.30529,0.282315,0.305222,-584.904
"70",-653.393,1.76661,4.41991,62.9493,-1.64162,0.826531,0.48854,2.72257,0.267691,0.211833,0.362639,0.227047,0.101194,1.46651,1.96631,1.19819,2.29474,0.106307,2.23443,4.42154,6.73208,6.49598,6.96535,6.44813,6.11242,0.650585,0.553436,-585.905
"71",-653.651,2.24714,4.21847,72.9415,-2.58159,0.149612,0.388145,2.65976,0.257936,0.196877,0.403645,0.132543,0.153968,0.603672,0.861252,4.18032,0.197537,0.348313,3.18187,4.98103,6.80611,5.7053,7.112,6.77967,6.18195,0.312943,0.396748,-579.421
"72",-642.72,1.94368,4.67444,79.5181,-1.72554,-0.298494,0.41899,2.43871,0.24386,0.242391,0.475323,0.182562,0.0775139,1.30915,1.29524,0.73813,2.41988,0.750738,2.77222,4.69768,6.90599,6.64931,7.17613,6.93971,5.85914,0.464623,0.404749,-573.765
"73",-660.42,1.68739,3.81218,69.5967,-2.26688,1.18751,0.408454,2.60938,0.155248,0.197765,0.476187,0.166124,0.175,0.782833,3.42049,1.53183,2.10277,0.557338,2.63938,4.92374,6.72832,6.93004,7.01952,6.70751,5.69493,0.4822,0.297807,-589.773
"74",-651.155,1.63635,4.09578,57.3382,-1.99683,-0.566812,0.511813,2.77803,0.232476,0.196361,0.335661,0.164114,0.107954,0.637592,0.910786,2.68711,2.28969,0.259147,2.28514,4.97626,6.77094,7.02282,6.83016,6.80536,5.87242,0.524957,0.427984,-575.843
"75",-644.909,1.27455,4.09935,76.4604,-1.32581,0.84754,0.339895,2.28323,0.322087,0.222788,0.444868,0.187001,0.198863,0.463011,1.01994,1.45656,2.39854,1.76899,3.23444,4.99805,6.75321,7.02247,7.05703,6.87916,6.07519,0.491427,0.462625,-579.295
"76",-647.454,1.89674,4.83236,42.5458,-2.2794,-0.406624,0.525648,2.39122,0.296924,0.174923,0.367652,0.130113,0.082138,0.372331,2.53282,1.51507,1.93143,0.643379,1.98878,4.83182,6.80546,5.79216,6.57966,6.93138,5.78309,0.628609,0.793187,-574.126
"77",-644.507,2.41971,4.24202,106.521,-2.46019,-0.0463832,0.451092,2.95676,0.255986,0.187597,0.397118,0.200034,0.150475,1.37256,1.70529,1.69014,2.90055,2.26652,2.91403,4.8099,6.83901,6.75195,7.17804,6.75666,5.97594,0.30655,0.260037,-579.526
"78",-637.805,2.84151,4.35693,72.4287,-1.91172,0.583379,0.586762,2.37366,0.188974,0.205618,0.376281,0.168847,0.180401,0.897426,1.29383,0.166513,3.15929,0.878898,2.8958,4.74243,6.7778,6.66569,7.13698,6.78962,5.67312,0.3778,0.375211,-572.686
"79",-657.256,1.04291,4.7892,83.3522,-2.9955,-0.0360839,0.511921,2.76115,0.305146,0.233991,0.508222,0.227764,0.0619253,1.54252,0.885021,0.996918,2.65763,1.87661,3.04792,4.99788,6.81418,6.95211,7.16507,6.8112,6.31156,0.47116,0.379017,-577.596
"80",-657.609,2.92365,3.88612,58.6299,-2.57049,0.515234,0.454273,2.5052,0.221156,0.161138,0.337406,0.156289,0.185275,1.40353,1.67883,2.84738,3.85208,0.386172,2.3795,4.5593,6.68302,6.25361,6.97204,6.58664,6.20089,0.468055,0.325335,-575.35
"81",-663.93,1.28937,3.79834,84.7446,-2.24658,0.00735358,0.496462,2.44485,0.212859,0.213461,0.445193,0.129922,0.126941,0.50435,0.556568,0.177493,1.54319,0.169898,2.18942,5.10675,6.87245,4.72753,6.87137,6.90548,6.07868,0.499071,0.413294,-581.768
"82",-648.135,2.02486,4.59467,94.453,-1.76413,0.14977,0.473923,2.23723,0.230112,0.187405,0.342361,0.183692,0.162163,0.275978,2.14019,0.371005,1.82598,1.89823,3.62831,5.05379,7.03245,6.56925,7.17737,6.84497,5.9552,0.389574,0.315781,-577.329
"83",-648.608,1.37402,4.7193,56.7079,-1.24774,0.535691,0.354098,2.34872,0.171751,0.214949,0.411008,0.145563,0.192934,0.859446,1.02715,0.813199,2.49277,0.307268,2.71252,4.6991,6.73686,6.27673,7.04623,6.91026,5.72308,0.392174,0.451589,-578.144
"84",-655.222,1.11562,3.36432,64.7161,-2.15835,0.43308,0.615134,2.22297,0.332768,0.215328,0.406465,0.167521,0.0600142,0.209239,2.7744,1.42994,1.15247,0.173356,3.42274,5.14631,6.67656,6.21812,7.13714,6.88438,6.16972,0.373469,0.298397,-575.441
"85",-655.554,1.53752,4.37564,52.9103,-1.43799,-0.121971,0.544187,2.25543,0.300819,0.167282,0.357344,0.244865,0.18962,1.51909,0.705628,2.42568,2.63766,1.671,2.61385,4.54378,6.61087,7.51125,6.73632,6.90177,5.37031,0.512568,0.534296,-590.867
"86",-672.511,2.15483,4.73444,73.9336,-1.79588,-0.44323,0.36714,2.5131,0.340353,0.201714,0.421953,0.130724,0.0624766,1.37267,0.267282,1.05944,4.21966,0.348801,1.99111,4.53354,6.70132,6.02307,7.03891,7.17572,6.33366,0.550788,0.508543,-585.676
"87",-638.785,2.1047,4.34148,70.472,-2.70117,-0.139321,0.423362,2.36518,0.289757,0.193708,0.3855,0.112753,0.0583013,0.862112,1.48171,1.39668,2.72124,0.468475,3.82094,4.93424,6.82291,6.55262,7.26771,6.85853,6.79975,0.27356,0.347499,-570.372
"88",-643.695,2.14714,4.12109,65.8249,-1.6433,0.754924,0.521674,2.43701,0.357077,0.167323,0.362356,0.146619,0.117755,0.502842,1.63934,0.39298,1.18861,0.331193,2.70877,5.00298,6.70432,6.77239,6.86891,6.84369,6.17453,0.287587,0.317789,-569.936
"89",-651.132,2.30445,4.68886,84.2707,-2.02631,-0.48061,0.495626,2.46941,0.22366,0.243139,0.425047,0.154209,0.0995714,0.340025,1.552,2.33775,1.70829,0.852213,2.02728,5.06862,6.71722,5.56438,6.87655,6.88162,6.42093,0.560372,0.50036,-582.649
"90",-660.348,2.44394,4.5349,74.5565,-1.79827,0.725414,0.314069,2.67196,0.327566,0.215003,0.443055,0.186834,0.115205,1.95904,0.517951,3.11036,1.84066,2.96768,2.47541,4.48537,6.82107,6.00538,7.01111,6.85184,5.92492,0.406249,0.474061,-581.234
"91",-655.204,1.3025,4.34441,59.0489,-1.57454,1.37069,0.400665,2.76413,0.262242,0.18698,0.415854,0.146812,0.23497,0.731134,0.924198,2.77154,1.5667,0.101214,2.09508,4.93955,6.55573,6.9086,6.77518,6.62017,5.67275,0.387617,0.423139,-577.324
"92",-640.773,1.7305,4.50624,74.0719,-1.77349,0.463819,0.383968,2.45829,0.18299,0.202722,0.424261,0.174365,0.231565,0.275843,1.91729,0.640344,2.07188,0.789701,2.60503,5.05517,6.82824,5.87607,7.01215,6.69487,5.84891,0.494261,0.580039,-580.014
"93",-658.244,2.02242,4.70968,81.0487,-2.29403,0.476853,0.543847,2.50291,0.132196,0.181051,0.387776,0.165232,0.126778,0.100677,0.47796,1.69358,0.566609,0.993719,2.554,5.10942,6.70465,6.73186,7.02078,6.6526,6.18763,0.311269,0.500242,-581.264
"94",-644.475,1.65952,4.73653,57.7894,-2.1244,0.748368,0.434638,2.17556,0.294836,0.17542,0.415094,0.151523,0.144022,1.24568,0.984502,2.59026,2.96484,1.24911,2.15703,4.47833,6.89289,5.30061,6.9954,6.86135,5.15257,0.611692,0.532187,-573.345
"95",-639.753,0.609532,4.04681,62.3818,-1.79307,1.13171,0.492002,2.26351,0.288011,0.200892,0.370589,0.148194,0.160872,0.386281,0.555923,0.913686,2.17671,0.42148,2.44289,5.18751,6.54762,7.12847,6.87287,6.72149,5.77894,0.376615,0.494653,-571.208
"96",-648.66,2.43737,4.52848,93.1478,-1.49294,-0.719209,0.42786,2.37314,0.265821,0.180451,0.398,0.166749,0.204712,0.086174,0.308657,0.66255,0.249895,0.545142,2.554,5.17711,6.87493,6.42176,7.0437,7.04167,5.79384,0.496123,0.527073,-575.914
"97",-650.57,1.87555,4.11827,57.5727,-1.98066,-0.608673,0.538907,2.24462,0.204852,0.226065,0.324052,0.164952,0.108277,0.556173,0.40933,1.09408,1.67116,1.3378,3.87864,4.91192,6.70326,7.91148,7.12089,6.92847,6.01039,0.349258,0.222839,-580.206
"98",-659.453,1.70197,5.28983,71.8733,-1.33756,-0.00969756,0.489373,2.3579,0.294806,0.212108,0.395542,0.200203,0.200015,0.526247,0.0251226,0.27311,1.96165,0.502312,2.98965,4.91164,6.92455,4.87657,7.30914,7.03079,6.30017,0.463368,0.474296,-578.76
"99",-645.843,1.62277,4.16081,54.4658,-2.64305,0.460338,0.477345,2.22107,0.292365,0.154224,0.39105,0.138858,0.248903,1.09108,2.31501,2.01599,1.58474,1.25068,2.72965,4.7365,6.71025,5.88052,6.97366,6.97051,5.63564,0.307722,0.349148,-573.901
"100",-650.723,1.58242,4.6768,87.6462,-2.0061,0.131246,0.368076,2.61471,0.308104,0.178902,0.40961,0.177875,0.129532,0.119885,0.011748,3.56952,2.10083,0.225032,2.99385,5.40311,6.88786,6.30112,7.19492,6.78049,6.28908,0.392037,0.41629,-573.646
"101",-651.481,2.10052,4.34234,62.8343,-2.36264,-0.119202,0.592447,2.50223,0.268521,0.21021,0.401262,0.159853,0.171942,1.08257,0.877028,0.340258,2.35001,0.389152,2.21785,4.78063,6.79488,6.52805,6.98089,6.69199,5.95717,0.535031,0.542923,-580.229
"102",-655.86,2.32126,4.06717,102.695,-1.92314,0.191277,0.332482,2.56409,0.297797,0.145819,0.343595,0.136636,0.157457,1.08424,0.750854,1.59276,1.96651,0.0734179,3.1619,4.83545,6.86783,6.43821,7.10644,6.77753,6.80992,0.229888,0.51815,-578.483
"103",-632.982,2.20565,3.14915,71.9839,-1.91293,0.982179,0.452493,2.49297,0.241436,0.169333,0.429818,0.140895,0.131694,0.828107,1.06644,1.13357,3.62518,1.61318,2.93963,4.7245,6.67136,7.36881,6.87356,6.81433,6.02209,0.375709,0.519828,-570.803
"104",-656.175,2.2468,4.63441,70.3112,-2.12212,1.105,0.524212,2.40135,0.233132,0.218756,0.382731,0.169553,0.169965,0.218339,0.59203,0.60584,0.994987,0.74929,4.28209,5.05392,6.84746,6.38312,7.25201,6.82893,5.7652,0.301935,0.374903,-585.319
"105",-655.275,2.35674,4.14764,69.1435,-2.13889,0.350505,0.325389,2.54451,0.263018,0.173198,0.373946,0.181915,0.0757832,0.574199,2.1764,1.50511,1.91137,1.05456,2.08359,5.21603,6.84123,5.3519,6.82409,7.06354,6.16463,0.701272,0.306773,-582.516
"106",-644.198,1.2939,4.60176,83.3231,-3.21933,0.226261,0.401558,2.3952,0.258878,0.228037,0.415961,0.187245,0.137751,1.54392,2.04797,0.484397,2.76255,0.249287,2.46707,4.80962,6.82426,6.717,7.07288,6.96399,6.22787,0.579826,0.565221,-576.298
"107",-643.947,2.19134,3.86002,76.8314,-1.8022,0.735934,0.49406,2.60106,0.26276,0.197155,0.412641,0.12105,0.202293,0.312465,0.189098,0.832562,4.17271,1.93289,3.27036,5.02836,6.73722,6.57082,7.04762,6.83225,5.77018,0.384437,0.43275,-572.872
"108",-652.865,2.70371,4.03601,70.385,-1.35599,-0.429287,0.518626,2.2772,0.274925,0.196645,0.427106,0.180052,0.082107,0.382553,1.41439,0.998945,1.91106,1.05792,4.58783,4.86422,6.73036,7.51364,7.26001,6.74089,5.84205,0.218808,0.345521,-571.768
"109",-649.746,1.42285,4.69443,77.0136,-2.58648,0.735222,0.471944,2.43778,0.230207,0.205431,0.360995,0.149347,0.191198,0.426702,0.898057,1.30756,2.76279,1.08181,3.36936,5.01789,6.68161,7.94904,7.03517,6.51508,6.08809,0.418719,0.546574,-582.484
"110",-645.745,1.90792,4.52532,92.6105,-2.42432,0.576743,0.560678,2.90416,0.322264,0.1465,0.358951,0.144282,0.182042,0.527312,0.892837,1.42146,1.09814,0.335122,2.24581,5.13446,6.75756,5.76405,7.00989,6.78348,6.22079,0.531091,0.446409,-578.224
"111",-648.028,1.41142,4.62973,60.2427,-2.53788,0.187826,0.684656,2.46487,0.255408,0.180514,0.319084,0.157466,0.106359,1.99833,1.18588,0.884137,2.74017,2.59235,2.6296,4.60942,6.70291,7.38261,6.95464,6.91632,5.89806,0.558612,0.387289,-576.287
"112",-661.668,1.75241,3.90428,93.8064,-2.26055,0.130797,0.477566,2.38215,0.211324,0.248618,0.433254,0.248681,0.0586534,0.758701,1.55847,0.481011,1.13268,0.0455587,3.99959,5.00398,6.94395,6.28466,7.3318,6.78805,6.37554,0.360374,0.305248,-585.572
"113",-638.921,2.00616,5.12631,74.4103,-2.37151,-0.0959334,0.404295,2.15474,0.25908,0.156521,0.417855,0.167487,0.159805,0.729644,1.20294,0.43464,2.68128,1.87896,4.07845,4.89107,6.78368,7.32932,7.33044,6.83225,6.35021,0.345843,0.334245,-574.33
"114",-641.771,2.39743,5.04745,85.8264,-1.8245,1.29987,0.443878,2.03007,0.275599,0.163853,0.359216,0.157614,0.0826477,2.14137,1.31224,1.43166,3.14482,0.791096,2.14331,4.26963,6.66916,6.96102,6.98919,6.74565,6.43063,0.576853,0.457328,-576.676
"115",-653.009,1.38311,4.06482,69.4851,-2.07275,-0.259879,0.291741,2.05897,0.311338,0.173911,0.4041,0.149779,0.151728,0.457175,1.67316,0.960966,2.6132,0.00515632,3.31649,4.92009,6.85597,5.71259,7.13924,6.94059,6.14625,0.39964,0.368893,-576.227
"116",-650.021,1.35349,4.50741,77.6578,-2.2264,0.728164,0.635003,2.38226,0.126144,0.190482,0.40515,0.151738,0.0431017,0.229565,0.901302,0.533765,0.896763,1.04474,3.14209,5.15204,6.73512,7.84338,7.20898,6.82759,6.02725,0.53704,0.390966,-578.021
"117",-636.967,1.92769,4.72201,70.192,-2.158,0.495295,0.553529,2.49424,0.236235,0.168668,0.453189,0.177134,0.226065,0.615472,2.2189,1.84857,3.98612,1.57791,3.33977,4.92898,6.77845,8.3941,7.00587,6.80479,5.93488,0.59103,0.514201,-572.017
"118",-646.088,2.1347,4.71636,94.4724,-2.37743,1.08488,0.408508,2.72651,0.267683,0.165753,0.373252,0.137716,0.219196,0.422401,1.8127,1.96217,1.42319,0.166852,3.5803,5.13572,6.92727,5.79726,7.19693,6.81192,6.25652,0.335644,0.326149,-577.322
"119",-648.004,1.51154,4.45221,62.6829,-1.92567,0.141878,0.424295,2.53373,0.299379,0.188612,0.468578,0.13119,0.0546,1.19499,2.05878,0.205773,2.07307,1.8029,2.79174,4.78256,6.7506,7.91362,6.8686,6.69749,5.95128,0.411035,0.475436,-574.455
"120",-655.974,1.13117,4.6733,29.5035,-1.36092,0.131157,0.571874,2.16073,0.245301,0.181914,0.470844,0.148136,0.0931271,0.532393,1.35634,1.44413,2.60297,0.621576,2.01463,4.47452,6.43211,5.26618,6.58616,6.65957,6.14397,0.583473,0.652346,-572.282
"121",-650.507,1.80714,4.4885,80.9566,-1.75081,0.261134,0.364636,2.45242,0.222479,0.182796,0.418383,0.200369,0.109728,0.193729,3.9131,0.219827,2.49254,1.59162,3.47665,5.01768,6.75576,7.88184,7.18942,6.75695,6.59472,0.466316,0.442409,-577.571
"122",-649.67,2.18371,4.39318,57.1008,-2.29106,-0.0409144,0.534828,2.53782,0.199201,0.145558,0.404234,0.157891,0.137882,0.427318,1.14011,1.82313,3.28585,0.263273,3.40708,5.01799,6.72799,5.68791,7.19495,6.89016,6.0805,0.310173,0.204036,-577.535
"123",-645.485,1.89826,4.81975,72.1815,-2.70922,0.233606,0.407541,2.50789,0.183294,0.168522,0.45725,0.15014,0.128234,1.35327,0.737342,0.571572,3.8948,2.59951,2.39136,4.71594,6.82589,7.10642,6.94241,7.00064,5.69777,0.467627,0.539391,-573.541
"124",-645.718,1.22785,4.129,76.1512,-2.5276,-0.461086,0.368903,2.19385,0.229312,0.173525,0.381854,0.131257,0.101449,1.19327,1.32984,3.00938,1.72969,1.19876,3.46433,4.94349,6.9398,7.14523,7.15729,6.74704,6.2818,0.389313,0.419017,-571.465
"125",-651.058,2.33321,4.00705,68.5897,-1.3065,0.442439,0.27855,2.09832,0.223705,0.167302,0.400891,0.144695,0.0879328,0.865285,0.598926,1.0001,2.68511,1.67802,2.19594,4.57799,6.77207,6.26518,6.90706,6.78316,6.50782,0.622148,0.593721,-577.759
"126",-639.941,2.02755,4.33232,87.674,-2.19957,0.214709,0.407821,2.26201,0.284345,0.149596,0.407221,0.126159,0.242462,0.408146,1.72739,1.42053,1.18994,0.375609,3.2655,4.99748,6.81633,5.74451,7.17959,6.97332,6.20183,0.358614,0.519347,-579.836
"127",-655.627,1.86259,5.19158,50.3022,-2.87035,1.95515,0.339332,2.27695,0.324423,0.214376,0.388726,0.151946,0.272105,1.19651,1.29975,0.0826404,2.82177,2.05842,2.0713,4.66385,6.71232,6.43179,6.69252,6.86801,5.82863,0.582318,0.459684,-578.825
"128",-649.573,1.83605,5.02696,74.0139,-2.57258,0.547756,0.446296,2.27582,0.283534,0.171545,0.411683,0.145472,0.15898,0.684772,1.37917,1.95096,1.76378,0.00584588,2.97707,4.95483,6.82045,5.88563,7.18232,6.79105,5.91133,0.329395,0.331744,-575.412
"129",-647.523,2.43799,4.19127,71.0738,-1.2927,0.969725,0.365544,2.11417,0.234604,0.192826,0.438028,0.187789,0.130646,0.698848,1.83233,0.877925,2.39957,1.27437,2.6187,4.71168,6.85717,5.31844,6.98314,6.67925,6.18578,0.499154,0.404553,-578.598
"130",-649.843,1.66261,3.6804,82.6909,-2.9745,0.341179,0.476432,2.30386,0.144952,0.231138,0.334365,0.147636,0.0683834,0.658217,0.467734,1.57992,2.01626,1.03247,3.4092,5.13838,6.73719,6.98067,7.12716,6.80226,6.01124,0.365861,0.306269,-578.716
"131",-659.386,2.33009,4.88421,94.5869,-2.40459,1.49531,0.424135,2.41614,0.219981,0.14621,0.343601,0.132142,0.177803,1.32591,1.70724,0.94721,1.97995,0.653874,2.16206,4.52503,6.52165,8.03664,6.7095,6.58704,6.88783,0.555602,0.760904,-587.547
"132",-653.394,1.92302,3.93692,79.3828,-2.45072,0.297417,0.564998,2.09066,0.257746,0.196182,0.355438,0.115766,0.191658,2.3524,1.51241,4.56611,2.84345,0.847896,2.66779,4.45792,6.81978,6.16047,6.98647,6.95479,6.11494,0.513475,0.294913,-584.332
"133",-655.933,1.84131,4.16545,75.8052,-2.90262,0.281006,0.338536,2.28286,0.362596,0.173784,0.424634,0.125773,0.245245,0.916454,1.36628,1.64217,2.94045,0.545695,2.65099,4.82119,6.76613,5.93036,7.09636,6.67184,6.09074,0.369287,0.372458,-582.854
"134",-663.022,2.38025,4.43389,49.7427,-2.38666,0.209839,0.42511,2.77983,0.249261,0.25785,0.440725,0.141156,0.157415,0.734767,1.19826,1.20101,2.85788,1.02934,1.8008,4.9638,6.55058,5.74587,6.47215,6.87646,5.6482,0.768444,0.669304,-588.355
"135",-655.295,2.81928,4.5012,99.683,-1.78095,0.335293,0.394725,2.38083,0.187476,0.210533,0.380523,0.186102,0.06965,0.331168,2.02911,1.92354,0.378407,1.98013,2.33774,4.92095,6.85044,6.82583,7.05596,6.76187,5.87487,0.472483,0.299106,-584.486
"136",-658.517,1.44942,4.77436,84.3587,-1.41619,-0.537929,0.455492,2.02029,0.301202,0.256395,0.429396,0.183806,0.0744877,0.347286,1.98683,1.25478,2.04858,0.14452,4.76366,4.94589,6.92418,7.46355,7.41306,6.82461,6.26212,0.340143,0.33427,-577.39
"137",-639.911,2.50646,3.5233,87.0528,-2.2607,0.514842,0.404426,2.437,0.287886,0.201537,0.47252,0.174385,0.157147,0.703271,0.579065,1.53766,0.95416,0.758928,3.46468,4.96979,6.84025,6.11576,7.11589,6.84903,6.23178,0.318175,0.420383,-572.51
"138",-656.831,1.19375,4.2172,69.7332,-2.31135,0.505933,0.358262,2.71845,0.230845,0.15301,0.375548,0.12782,0.130333,1.34944,1.02434,0.546443,0.819389,0.0724759,2.44014,4.90366,6.71218,4.75025,6.95941,6.9099,5.89941,0.468106,0.420687,-580.473
"139",-647.2,2.52339,4.77204,81.3098,-1.97054,0.743922,0.366939,2.27439,0.3006,0.209137,0.410192,0.178989,0.12958,1.17219,0.760631,0.356923,1.46408,1.46153,3.39,4.73099,6.7749,7.445,7.08413,6.78508,6.22749,0.431914,0.351922,-582.544
"140",-649.558,1.60006,4.36384,91.3571,-1.9815,0.0734819,0.488144,2.33634,0.216865,0.201421,0.413535,0.164956,0.225822,0.680828,1.32685,0.974503,2.16446,0.788983,1.71443,4.84899,6.78596,7.80462,6.72152,6.84076,6.15741,0.82936,0.7856,-583.41
"141",-649.218,1.53409,5.12393,59.9905,-1.86809,0.174709,0.473913,2.74797,0.178507,0.188238,0.408822,0.195892,0.178703,0.940528,0.0356426,0.871483,3.01632,3.13517,2.19877,4.84172,6.82909,6.22003,6.8117,7.06119,6.10923,0.621338,0.616941,-578.584
"142",-657.303,1.04472,4.64485,62.0139,-2.69463,0.152666,0.486236,2.32485,0.169518,0.199679,0.460518,0.210308,0.0709977,0.232052,1.89796,1.52149,0.90551,1.3458,3.59427,5.24144,6.67043,7.98117,6.91139,7.00103,6.16332,0.496874,0.475774,-588.601
"143",-641.61,1.3278,4.57307,74.1223,-2.26818,0.0414186,0.481176,2.54972,0.357528,0.216183,0.384209,0.158852,0.0694697,0.716951,0.785108,1.04072,3.06199,0.499695,2.63917,5.02334,6.9982,5.81007,7.08868,6.88163,5.87524,0.500965,0.347504,-572.78
"144",-656.876,1.77377,4.02808,54.9794,-2.24586,1.21783,0.598626,2.32653,0.285687,0.167937,0.412535,0.202959,0.0734705,0.00933055,2.46025,1.82743,0.77501,1.90543,3.27318,5.19921,6.55975,7.41067,7.00062,6.70567,5.54235,0.447017,0.570702,-574.417
"145",-658.143,2.83154,4.70701,95.3826,-2.09869,-0.386423,0.380814,2.82662,0.203426,0.217814,0.366279,0.179225,0.0439848,0.697266,1.35345,0.0600431,0.660451,1.36351,2.75697,4.85366,6.74639,7.62679,7.05054,6.86556,6.16253,0.476062,0.466089,-579.752
"146",-643.286,1.19736,4.00645,76.6323,-2.31137,0.423341,0.51807,2.54371,0.234149,0.129652,0.454048,0.165829,0.148054,1.03177,2.12896,2.78089,1.06274,0.583251,3.05607,4.95858,6.70954,7.38807,6.95811,6.89817,6.05483,0.332021,0.485539,-578.634
"147",-650.286,2.04736,3.82203,78.4306,-1.80493,0.0343477,0.297507,2.58393,0.292289,0.153826,0.387539,0.133418,0.0867605,1.27923,0.467551,0.00820969,2.15964,1.70224,3.30421,4.72704,6.86668,6.57335,7.10792,6.77343,6.66331,0.328895,0.409674,-573.873
"148",-660.214,0.552202,4.20419,79.089,-2.99888,0.0680544,0.62781,2.56012,0.219545,0.189739,0.444304,0.120335,0.121605,0.544599,0.331263,2.21819,2.6985,1.32177,2.32521,5.36912,6.74906,6.65962,6.85594,6.98665,6.03001,0.560188,0.555417,-582.662
"149",-648.908,2.50597,4.50672,65.1263,-1.87905,0.418669,0.421279,2.50518,0.309335,0.220881,0.415046,0.18831,0.0724528,1.07542,0.74957,2.09317,2.7496,0.717577,2.63638,4.66886,6.6217,7.23276,6.97449,6.71862,5.46165,0.408911,0.505394,-574.656
"150",-659.626,2.37233,4.20163,62.2517,-1.98458,0.0184605,0.340971,2.71945,0.38086,0.196081,0.385727,0.195084,0.265225,1.14915,0.0987957,1.0378,2.02752,1.18553,2.2936,4.7263,6.73227,7.2356,6.52699,6.89876,5.81808,0.618303,0.615017,-590.86
"151",-630.981,1.96965,4.37896,89.7685,-1.42569,0.0574346,0.528871,2.69274,0.224463,0.216231,0.394408,0.143247,0.225044,0.920448,1.78529,2.34363,2.68636,1.1196,3.12419,4.8154,6.75546,7.51031,7.25362,6.86433,6.16644,0.428806,0.325288,-568.491
"152",-647.291,2.70244,4.17365,59.9523,-2.53551,0.405457,0.446106,2.43156,0.227501,0.167578,0.419993,0.204938,0.15005,1.07346,1.38506,0.288782,2.00752,0.848191,3.13114,4.69996,6.67339,7.99348,7.11552,6.59068,5.99413,0.475887,0.414973,-576.49
"153",-648.321,2.23635,4.02067,50.3246,-1.76303,0.477339,0.479169,2.13525,0.216927,0.16568,0.336911,0.139498,0.109906,0.619688,1.0164,0.843647,2.3937,0.824124,1.71736,4.66663,6.68843,6.49221,6.42404,6.72881,5.23434,0.833893,0.74589,-579.796
"154",-643.327,1.80101,4.3179,73.7521,-2.35491,0.547177,0.476806,2.58109,0.292917,0.192944,0.528833,0.19958,0.124248,0.72918,0.589081,2.69616,2.13019,0.987687,2.96949,4.93336,6.7944,6.79231,7.22632,6.76345,6.56946,0.450075,0.366755,-576.837
"155",-650.778,2.75778,4.62287,81.3129,-2.47622,0.540304,0.531318,2.86583,0.225247,0.177564,0.482114,0.148507,0.0568654,0.221241,0.473167,2.85001,0.757919,1.68725,2.18908,5.26746,6.69743,7.17055,6.86848,6.5414,5.6851,0.540089,0.554503,-576.905
"156",-647.88,2.4941,3.74274,72.0915,-2.72679,0.703002,0.395164,2.29929,0.270632,0.199237,0.439922,0.162514,0.166948,1.19643,0.915049,1.27342,3.39566,0.72476,3.00736,4.66906,6.73379,6.46364,7.09743,6.74006,5.87396,0.325808,0.2911,-571.367
"157",-658.919,2.17164,2.91644,67.525,-2.09594,1.55023,0.46407,2.55973,0.228853,0.227439,0.423428,0.183299,0.109389,1.31882,2.81532,0.425531,3.07981,0.514415,2.50006,4.68409,6.75507,5.14829,6.81437,6.7386,6.04728,0.663816,0.491172,-576.409
"158",-655.392,2.24594,3.86214,80.047,-2.05479,0.0559472,0.392691,2.17749,0.259655,0.208512,0.429725,0.150791,0.235608,1.03889,2.39386,0.703652,3.02392,2.08408,3.06247,4.74964,6.91482,5.69463,7.33999,6.80638,6.39566,0.48861,0.271266,-592.142
"159",-650.016,2.31822,4.40382,76.6168,-2.30448,0.260458,0.491095,2.30187,0.291404,0.217029,0.388912,0.178643,0.121378,0.569638,1.10629,2.28921,2.34077,2.38708,3.29351,4.90421,6.87586,4.00852,7.22731,6.82229,6.22628,0.463449,0.395475,-578.963
"160",-643.465,1.32153,3.85749,90.072,-2.08774,-0.754872,0.488872,2.44329,0.249117,0.19369,0.380112,0.153769,0.103169,0.386381,1.10114,1.11984,1.35486,0.366821,2.33936,5.24539,6.93985,5.18303,6.96006,6.79449,6.3129,0.420862,0.572256,-576.248
"161",-642.079,2.01233,4.7684,84.917,-2.3797,0.212282,0.465754,2.37746,0.310464,0.201346,0.397305,0.148254,0.213285,0.847753,2.46691,0.412874,2.02477,1.11915,4.11576,4.87727,6.67624,7.91942,7.23639,6.89181,6.21086,0.339429,0.361698,-578.363
"162",-644.031,2.1136,4.76437,90.2173,-1.61897,0.367073,0.505586,2.52684,0.269063,0.231378,0.467899,0.242023,0.21833,0.538642,1.02119,0.961892,0.583155,0.436298,3.11714,5.02555,6.83394,7.29851,7.13921,6.93524,6.05949,0.518639,0.282071,-580.611
"163",-657.596,1.30006,5.72818,61.8944,-2.52402,1.28707,0.392917,2.76769,0.21598,0.208816,0.486201,0.156643,0.0899777,0.514609,2.27203,0.16937,3.60185,2.2122,2.66093,5.15901,6.68324,6.84848,6.92377,6.81372,6.07228,0.438033,0.532384,-574.885
"164",-639.701,1.30504,4.22979,77.9218,-2.40274,1.5626,0.482083,2.19275,0.252839,0.210114,0.426302,0.163738,0.18967,0.659944,1.17735,1.04459,3.00634,1.12045,2.72593,4.97877,6.76944,5.98439,7.09885,6.73818,6.05966,0.4924,0.319521,-571.977
"165",-647.717,1.84545,4.14707,91.0956,-1.36002,0.229147,0.625738,2.26797,0.279452,0.184588,0.426689,0.217599,0.26013,0.235566,0.341219,1.029,0.984271,1.69587,2.94351,5.03672,6.82572,6.55182,7.06531,6.9203,6.80579,0.500501,0.569718,-584.141
"166",-654.089,1.87492,3.8834,79.8304,-2.10918,0.821775,0.380138,2.2804,0.204378,0.201992,0.410499,0.172883,0.133997,0.43191,0.359992,3.11205,1.86834,1.37813,2.68039,5.01965,6.85692,5.23,7.13631,6.9478,5.63707,0.447337,0.24816,-578.077
"167",-653.761,1.62971,3.77753,77.193,-3.04398,0.567617,0.38023,2.35847,0.235616,0.143978,0.386901,0.11583,0.101201,1.15608,2.4626,0.705137,1.96088,2.86452,2.26814,4.75318,6.82301,6.53719,6.96296,6.66413,6.31305,0.3768,0.469309,-587.789
"168",-650.558,1.1077,4.35248,92.0934,-1.93262,1.15362,0.580135,2.2321,0.234837,0.159833,0.353477,0.158181,0.129458,0.817201,1.95766,1.94418,0.974948,1.54731,2.62203,4.90443,6.72255,4.76992,7.1734,6.99992,6.51523,0.425793,0.429294,-582.61
"169",-648.684,2.69557,3.73526,89.9915,-2.88067,0.405006,0.501185,2.61472,0.272343,0.173055,0.396419,0.158188,0.174928,0.309414,0.758023,3.4503,2.87443,0.945095,2.21449,5.16725,6.81065,6.02658,6.87983,6.72239,5.94045,0.625247,0.626195,-579.322
"170",-655.109,2.6597,4.75288,56.4712,-1.9143,-0.704535,0.486926,2.58534,0.262759,0.192062,0.376199,0.126189,0.15785,1.19905,0.236605,0.402979,1.75606,1.79709,1.95864,4.54033,6.59493,6.58083,6.72455,6.92895,6.19557,0.602963,0.805531,-581.2
"171",-645.445,3.00926,4.05182,60.6748,-2.28534,-0.359145,0.508135,2.54685,0.245016,0.231542,0.404674,0.176238,0.127367,0.298497,1.67345,0.5238,3.2499,1.13659,2.47139,4.95922,6.79421,5.8247,7.09309,6.73494,5.90928,0.546109,0.60247,-573.514
"172",-652.544,1.23433,3.37703,72.0195,-1.82829,0.212476,0.608369,2.49897,0.348643,0.152883,0.544983,0.146039,0.282353,1.42907,2.63025,2.08128,1.67036,1.71624,2.90591,4.72267,6.68156,6.74838,7.12323,6.67891,5.90082,0.371043,0.340388,-582.501
"173",-647.692,2.01116,4.04296,82.5906,-1.3087,0.570248,0.334631,2.46291,0.177888,0.185769,0.421837,0.152823,0.117475,0.452028,0.981706,0.440391,2.05909,1.56636,2.64588,4.91941,6.86004,5.25186,7.03709,6.7911,5.86229,0.303356,0.276847,-577.625
"174",-640.877,1.03288,4.19523,87.4974,-1.31727,0.636113,0.417932,2.12561,0.277888,0.170269,0.471907,0.167372,0.12003,0.914057,1.41246,1.16727,2.61708,1.41663,3.55215,4.80653,6.91444,6.52549,7.21089,6.73605,6.33181,0.344991,0.424539,-578.211
"175",-646.245,1.59363,3.79005,47.5057,-1.64236,0.394954,0.491572,2.47428,0.187065,0.214032,0.403424,0.150942,0.108231,1.79464,0.686983,2.36486,3.16759,0.486488,2.59355,4.37016,6.6519,6.97752,6.83233,6.84056,6.32159,0.515096,0.537822,-569.499
"176",-651.166,2.6134,3.83726,89.7365,-1.79109,0.594103,0.330817,2.2941,0.187269,0.190624,0.431524,0.155291,0.218932,0.828188,1.16394,0.954203,2.46391,1.04688,3.29285,4.77521,6.84361,4.99832,7.20467,6.79026,5.88573,0.301993,0.446351,-577.422
"177",-652.302,1.73095,4.04657,77.0061,-1.71768,-0.0474921,0.501814,2.85636,0.248274,0.18984,0.369565,0.196731,0.154148,1.24386,0.627325,1.21651,2.98253,0.475961,2.44664,4.77277,6.84483,5.62178,7.04447,6.93454,6.07266,0.489224,0.512998,-576.762
"178",-646.528,1.15036,4.13706,71.8288,-2.69352,0.194311,0.462722,2.55374,0.228641,0.151151,0.41161,0.150182,0.113258,0.809441,2.26018,1.65918,1.84145,1.6492,2.9195,5.04803,6.57145,7.40844,7.06701,6.86072,6.25308,0.420267,0.390185,-576.579
"179",-660.967,0.9058,4.96251,87.8167,-1.24818,1.0263,0.371102,2.90075,0.264352,0.16818,0.326932,0.139413,0.129262,1.04736,0.382112,1.031,2.69667,1.19095,2.85677,4.81547,6.74607,5.28485,7.02741,6.88597,6.98529,0.412538,0.60912,-584.805
"180",-640.137,2.09211,4.06565,80.7006,-2.16712,-0.954088,0.417377,2.494,0.321111,0.161186,0.313777,0.136097,0.124678,0.962689,2.42923,1.4401,3.69133,0.627844,3.14013,4.82683,6.97069,6.01011,7.27608,6.78201,6.57299,0.375261,0.36543,-572.509
"181",-650.602,2.77308,4.69167,78.7351,-2.47666,-0.103952,0.566117,2.80622,0.197497,0.148608,0.362961,0.139536,0.0779181,0.115566,0.672407,1.35712,1.29536,2.92221,2.57642,5.2944,6.70185,7.55332,6.91547,6.80302,6.03223,0.408515,0.665563,-581.344
"182",-659.179,2.53625,4.90255,98.2802,-2.08307,0.310622,0.341918,2.19613,0.260614,0.198088,0.386393,0.183569,0.118067,0.525822,2.15703,0.900407,1.60407,0.411223,3.08403,4.89602,6.87846,6.05933,7.24392,6.9169,6.41168,0.43431,0.496656,-579.297
"183",-644.198,1.59114,4.11794,63.9603,-1.93719,-0.18049,0.539679,2.65313,0.228069,0.158908,0.412732,0.154282,0.266806,1.0227,2.12195,0.737238,1.79869,0.452793,1.54684,4.54466,6.73062,5.50336,6.5345,6.47343,6.02164,0.759246,0.736891,-579.255
"184",-649.166,1.51935,4.27315,51.616,-2.19042,-0.184224,0.505156,2.50463,0.2982,0.204844,0.467778,0.231711,0.0964168,1.05358,1.76183,1.62602,2.2935,0.825995,2.86377,4.69379,6.78246,5.21853,7.03214,6.97566,6.12501,0.509879,0.521164,-575.706
"185",-662.236,2.0606,4.35471,50.3634,-1.43088,-0.0315543,0.318846,2.47272,0.260312,0.247594,0.46991,0.199007,0.253488,0.47216,0.97016,1.78557,1.35824,0.878975,2.04298,5.00357,6.69114,4.48437,6.68817,7.00965,6.22745,0.883495,0.932814,-585.972
"186",-653.924,2.35934,4.07866,85.0019,-2.37914,-0.223849,0.402942,2.85511,0.191575,0.188703,0.417449,0.16321,0.153235,0.00866596,1.23881,1.61509,0.702871,0.514896,2.87808,5.48426,6.78294,5.1665,7.14748,6.88449,6.02674,0.467497,0.504035,-576.987
"187",-646.012,1.68487,5.16557,71.2081,-2.01791,0.315344,0.559103,2.96033,0.253753,0.170173,0.35846,0.170423,0.275366,1.06155,2.11888,0.404514,2.93314,0.69459,3.43387,4.83564,6.83804,8.792,6.92928,6.77417,5.98171,0.459584,0.503466,-576.872
"188",-648.962,1.64274,4.90074,76.3358,-2.02472,0.917919,0.50727,2.69382,0.34036,0.197174,0.338941,0.119567,0.0805877,0.849571,1.54146,2.70272,2.42557,1.69584,1.84923,4.87068,6.42307,7.48558,6.60559,6.76245,6.11007,0.482717,0.52847,-581.33
"189",-643.641,2.07559,3.72104,66.1156,-2.06522,0.0287246,0.513376,2.79253,0.259033,0.196587,0.425848,0.132549,0.165894,1.10229,0.670549,1.58306,3.56281,0.675792,2.30135,4.65235,6.82582,6.37285,6.79772,6.47304,5.34776,0.399563,0.514488,-579.499
"190",-643.405,2.15459,4.80161,65.3561,-2.88129,0.401284,0.331118,2.42658,0.181035,0.199442,0.444831,0.141144,0.0905362,0.576358,1.96709,1.64287,2.63364,0.132417,4.03316,4.94044,6.66375,7.72679,7.17055,6.7736,6.44455,0.354027,0.403674,-572.257
"191",-649.397,1.6059,3.38188,86.8085,-1.45383,0.259947,0.778858,2.35481,0.233164,0.195246,0.3691,0.171325,0.172997,0.731071,1.49174,1.41587,1.69195,1.39779,3.71803,4.89836,6.82801,7.46178,7.21021,6.75523,6.29485,0.417041,0.459833,-575.248
"192",-662.782,2.20231,4.07239,71.4489,-2.62851,-0.00756053,0.327219,2.36649,0.264657,0.166642,0.373191,0.118496,0.161594,0.654046,1.12173,0.648236,2.31787,2.89686,3.46539,4.82807,6.68651,8.13821,7.04939,6.61826,6.68163,0.288986,0.386952,-587.053
"193",-659.436,0.941042,4.20953,82.8833,-2.41042,0.927683,0.527638,2.45339,0.275211,0.189054,0.461491,0.152038,0.186955,0.550202,2.02801,3.21492,3.56916,0.48296,2.27656,4.99772,6.7374,6.9445,6.57434,6.81168,5.71616,0.495937,0.717648,-583.839
"194",-640.271,2.17823,4.03885,62.5434,-1.64976,0.18015,0.421814,2.82782,0.239614,0.20597,0.428941,0.202291,0.119864,1.98529,1.10153,2.12623,2.62399,1.91647,2.51526,4.47147,6.74864,5.48142,7.01524,6.62907,6.27302,0.462382,0.502117,-576.574
"195",-661.238,1.54594,3.43178,56.4255,-0.889513,0.0282527,0.646683,2.21121,0.351099,0.138376,0.381739,0.16301,0.0344276,0.543003,2.28695,0.401637,1.47335,2.25249,2.51623,4.65994,6.66693,6.57859,7.08797,6.87252,6.40295,0.434448,0.395287,-579.909
"196",-652.826,1.38932,4.26455,56.013,-0.944323,0.125796,0.502178,2.12942,0.25206,0.214864,0.385584,0.169362,0.1766,0.368799,0.558325,0.741648,2.58594,1.10701,2.59007,4.75527,6.74077,5.5763,7.01446,6.70953,6.64869,0.51457,0.432428,-583.06
"197",-660.632,1.98438,4.29414,43.9204,-2.36578,1.03942,0.525083,2.57349,0.197415,0.196729,0.371104,0.17497,0.103798,1.48598,2.21993,0.47015,2.41115,2.06492,1.93058,4.42179,6.58404,6.5788,6.43942,6.81686,5.54611,0.667724,0.442789,-581.277
"198",-641.963,2.00722,4.60307,36.4972,-2.1691,0.169314,0.586456,2.21331,0.229862,0.183441,0.405707,0.127796,0.155447,0.73711,1.5599,1.48087,2.55544,1.84922,1.93513,4.43042,6.46825,4.88066,6.66039,6.63801,5.86865,0.518231,0.713215,-569.541
"199",-645.649,2.39087,5.40043,93.2441,-2.08289,-0.760744,0.359869,2.28117,0.268382,0.181179,0.408597,0.130046,0.066099,0.684199,0.736457,0.986572,1.307,1.21051,3.40402,4.89508,6.96705,5.65024,7.26788,6.98531,6.44212,0.29216,0.398253,-574.554
"200",-648.292,1.92056,3.98354,69.3671,-2.10582,0.117829,0.538266,2.74495,0.259914,0.191391,0.433625,0.212531,0.139935,0.750699,0.8043,0.80989,2.15487,1.7849,4.26331,4.9448,6.8444,7.12489,7.2459,6.71431,6.49903,0.318821,0.360687,-578.599
